VideoID,Video_Title,No_Of_Views,No_Of_Likes,No_Of_Comments
X8SVkfbt8cs,Avatar: The Way of Water,0,21525,1756
waJKJW_XU90,Avatar: The Last Airbender | Official Teaser | Netflix,19258153,443968,39686
5PSNL1qE6VY,Avatar | Official Trailer (HD) | 20th Century FOX,12867096,81551,8938
d9MyW72ELq0,Avatar: The Way of Water | Official Trailer,58429272,1042594,43029
PLtgIILX7E8,AVATAR Full Movie 2023: Fallen Kingdom | Superhero FXL Action Movies 2023 in English (Game Movie),49429460,225879,1657
ofvrOdrO9gY,Neytiri saves Jake (Ending Scene) - AVATAR (4k Movie Clip),1593284,20263,967
3G6J-ITWekA,Jake Wakes up in his Avatar Body - AVATAR (4k Movie Clip),5874582,24602,699
YXtWPVFk5TQ,Avatar 3  Official Trailer | James Cameron  | 20th Century Studios | Avatar 3 Trailer,3514767,40928,1495
lE7v0_5th_8,Avatar: Frontiers of Pandora - Full Movie (All Cutscenes w/ Subtitles &amp; Ending) [4KHD],631,21,3
V67Ytgs6KJo,Avatar: First Movie RECAP,619537,10476,324
HR2kbOK8i6I,The Last Airbender (2010) - Earthbenders Revolt! Scene (2/10) | Movieclips,10206147,78584,0
WDFr1O_GeAQ,Avatar (2009) - Best Scenes,2531243,19095,642
mdhEj_rG80Y,AVATAR - Movie Behind the Scenes | Making of,3356058,9073,141
nsO1isT60h8,Destruction of Home Tree - AVATAR (4k Movie Clip),610734,4774,720
kHNCaWjB-98,Zoe Saldana Performance Capture | AVATAR (2009) Before &amp; After CGI #shorts,24258498,1025644,3203
x0YqTRedPcw,If the Avatar movie was real,299715,29305,1460
nxjOFZqtLJc,AVATAR 3 Official Trailer (2024) | 20th Century Studios | Disney+,2199170,23807,638
KkXEOGA3jbQ,How Old Are The Sully Children In Avatar?,382438,39070,177
0sJeBiUCIt4,AVATAR Clip - Final Battle (2009) James Cameron,32541122,192634,3703
TgT8b62FJRI,Jake Meets Neytiri - AVATAR (4k Movie Clip),342191,4166,182
2r71I8lvTIA,The Last Airbender Film: How it Disrespected a Great Series (Avatar Video Essay),5166303,155678,27256
72wSXxDBXs8,What Happened To Jake Sully&#39;s Human Body?,3785123,255216,1151
Mvt1OWNk_Sg,The Final Battle (Part 1) - AVATAR (4k Movie Clip),637582,6199,256
TKndKigKkss,Avatar the Last Airbender movie coming 2024! #avatar #avatarthelastairbender #movie #nickelodeon,349722,21805,268
QohBlL3WurE,Training with the Ikran - AVATAR (4k Movie Clip),260109,3394,73
XmxLG1HBNTk,AVATAR Full Movie 2023: Galactic Empire | Superhero FXL Action Movies 2023 in English (Game Movie),2918376,9692,80
NRb-a7l3iow,It&#39;s always the youngest child #avatar #digitalart #avatarthewayofwater #avatar2 #jakesully #art,4762309,283564,893
Xkw96oC3LnI,First Look at Team Avatar Movie Poster (2025),450962,39175,1529
VjIdoK0xM5E,Neytiri and Jake vs Quaritch - Final Battle Scene - Avatar (2009) Movie Clip HD,1230525,4595,140
cMzwBkBdX6w,Did You Know This in AVATAR: THE WAY OF WATER? #shorts,944751,65062,315
k_Aej3dB0Dg,Avatar: The Way of Water — When a Movie Becomes a Video Game | Film Perfection,233053,13671,1084
jbncrh_3NfM,The Final Battle (Part 3) - AVATAR (4k Movie Clip),729556,6218,250
a8Gx8wiNbs8,Avatar: The Way of Water | Official Teaser Trailer,27886757,682270,29021
6pHZmBin4Xc,Toruk Macto - AVATAR (4k Movie Clip),3004453,22937,566
J6dP2A_vzyU,Avatar: The Last Airbender – Trailer 2 | Netflix,133920,2029,127
CyUXe8xAx9U,Did you spot this in AVATAR: THE WAY OF WATER,277833,26818,355
5A6anrwecHM,Jake tames his Ikran - AVATAR (4k Movie Clip),523001,4153,106
-pDP5K-xW2Y,Jake vs Colonel Quaritch - AVATAR (4k Movie Clip),1021140,8489,484
to4jUMunEew,The Bubble Gum Meaning in AVATAR: THE WAY OF WATER,1130339,73389,267
o_HjXetUZq4,Everything Wrong With Avatar The Way of Water in 25 Minutes or Less,759497,22485,1433
X7oyhzw4OmY,He got the ✨POWER✨ #avatar #avatar2 #neteyam,3176944,184714,1006
2fNC9lNN9aQ,Did You Know This in AVATAR: THE WAY OF WATER? #shorts,469361,63624,388
KDqaLSK_tlI,AVATAR: Characters Real Life Height’s,2261494,69947,894
U7cVZD0idBw,The Avatar wins a war with a Tsunami | The Last Airbender | CLIP,2710513,20268,846
3y8a_TFL_KQ,AVATAR Full Movie 2024: The Way of Water | Final Battle of Pandora | FullHDvideos4me (Game Movie),505704,2592,30
oFErWcXJLdw,TRAINING TO BE IN THE NEXT AVATAR MOVIE,2661850,50461,1691
zpSueMIfc2k,AVATAR Clip - &quot;Awake&quot; (2009) James Cameron,13182036,54090,755
zwe8IrNuO9w,avatar the way of water full movie (English) avatar 2,161545,494,11
n76KALvTN3Q,Avatar: The Way of Water (2022) - Lo&#39;ak Rush to Save Payakan,1610010,4901,56
uLbnhYxh5Uk,Avatar The Way Of Water full movie :2023 || official movie|| 2022,83822,224,7
